<?xml version="1.0" encoding="UTF-8" ?>

<container xmlns="http://symfony.com/schema/dic/services"
    xmlns:xsi="http://www.w3.org/2001/XMLSchema-instance"
    xsi:schemaLocation="http://symfony.com/schema/dic/services http://symfony.com/schema/dic/services/services-1.0.xsd"
>
    <parameters>
        <parameter key="ivory_google_map.business_account.class">Ivory\GoogleMap\Services\BusinessAccount</parameter>
    </parameters>

    <services>
        <service id="ivory_google_map.business_account" class="%ivory_google_map.business_account.class%">
            <argument>null</argument>
            <argument>null</argument>
        </service>
    </services>
</container>
