<?xml version="1.0" encoding="UTF-8" ?>

<container xmlns="http://symfony.com/schema/dic/services"
    xmlns:xsi="http://www.w3.org/2001/XMLSchema-instance"
    xsi:schemaLocation="http://symfony.com/schema/dic/services http://symfony.com/schema/dic/services/services-1.0.xsd"
>
    <parameters>
        <parameter key="ivory_google_map.helper.extension.core.class">Ivory\GoogleMap\Helper\Extension\CoreExtensionHelper</parameter>
        <parameter key="ivory_google_map.helper.extension.info_box.class">Ivory\GoogleMap\Helper\Extension\InfoBoxExtensionHelper</parameter>
    </parameters>

    <services>
        <service
            id="ivory_google_map.helper.extension.core"
            class="%ivory_google_map.helper.extension.core.class%"
            public="false"
        >
            <argument type="service" id="ivory_google_map.helper.api" />
            <argument type="service" id="ivory_google_map.helper.marker_cluster" />
        </service>

        <service
            id="ivory_google_map.helper.extension.info_box"
            class="%ivory_google_map.helper.extension.info_box.class%"
            public="false"
        />
    </services>
</container>
