<?xml version="1.0" encoding="UTF-8" ?>

<container xmlns="http://symfony.com/schema/dic/services"
    xmlns:xsi="http://www.w3.org/2001/XMLSchema-instance"
    xsi:schemaLocation="http://symfony.com/schema/dic/services http://symfony.com/schema/dic/services/services-1.0.xsd"
>
    <parameters>
        <parameter key="ivory_google_map.places_autocomplete.form.type.class">Ivory\GoogleMapBundle\Form\Type\PlacesAutocompleteType</parameter>
        <parameter key="ivory_google_map.places_autocomplete.helper.class">Ivory\GoogleMap\Helper\Places\AutocompleteHelper</parameter>
    </parameters>

    <services>
        <service
            id="ivory_google_map.places_autocomplete.form.type"
            class="%ivory_google_map.places_autocomplete.form.type.class%"
            scope="request"
        >
            <argument type="service" id="ivory_google_map.places_autocomplete.helper" />
            <argument type="service" id="request" />

            <tag name="form.type" alias="places_autocomplete" />
        </service>

        <service
            id="ivory_google_map.places_autocomplete.helper"
            class="%ivory_google_map.places_autocomplete.helper.class%"
            public="false"
        >
            <argument type="service" id="ivory_google_map.helper.api" />
            <argument type="service" id="ivory_google_map.helper.coordinate" />
            <argument type="service" id="ivory_google_map.helper.bound" />
        </service>
    </services>
</container>
